name|price|description_short|qty|category
Hummingbird printed t-shirt|€19.12|Regular fit, round neckline, short sleeves. Made of extra long staple pima cotton.|0|Clothes
Hummingbird printed sweater|€28.72|Regular fit, round neckline, long sleeves. 100% cotton, brushed inner side for extra comfort.|0|Clothes
2nd Hummingbird printed t-shirt|€19.12|Regular fit, round neckline, short sleeves. Made of extra long staple pima cotton.|3271|Clothes
2nd Hummingbird printed sweater|€28.72|Regular fit, round neckline, long sleeves. 100% cotton, brushed inner side for extra comfort.|77|Clothes
Test kolorow|€0.00||0|Clothes
Mug The adventure begins|€11.90|White Ceramic Mug. 325ml|0|Accessories
Mug The best is yet to come|€11.90|White Ceramic Mug, 325ml.|8547|Accessories
Mug Today is a good day|€11.90|White Ceramic Mug. 325ml|0|Accessories
Brown bear cushion|€18.90|Cushion with removable cover and invisible zip on the back. 32x32cm|1709725|Accessories
Mountain fox cushion|€18.90|Cushion with removable cover and invisible zip on the back. 32x32cm|999276|Accessories
Hummingbird cushion|€18.90|Cushion with removable cover and invisible zip on the back. 32x32cm|2000285|Accessories
Pack Mug + Framed poster|€35.00|Mug The Adventure Begins + Framed poster Today is a good day 40x60cm|0|Accessories
Mountain fox notebook|€12.90|120 sheets notebook with hard cover made of recycled cardboard. 16x22cm|1900221|Accessories
Brown bear notebook|€12.90|120 sheets notebook with hard cover made of recycled cardboard. 16x22cm|2000166|Accessories
Hummingbird notebook|€12.90|120 sheets notebook with hard cover made of recycled cardboard. 16x22cm|2000237|Accessories
Customizable mug|€13.90|White Ceramic Mug. 325ml|2000281|Accessories
Some other notebook|€12.90|120 sheets notebook with hard cover made of recycled cardboard. 16x22cm|95|Accessories
The best is yet to come' Framed poster|€29.00|Printed on rigid matt paper and smooth surface.|406|Art
The adventure begins Framed poster|€29.00|Printed on rigid matt finish and smooth surface.|383|Art
Today is a good day Framed poster|€29.00|Printed on rigid paper with matt finish and smooth surface.|1000227|Art
Mountain fox - Vector graphics|€9.00|Vector graphic, format: svg. Download for personal, private and non-commercial use.|999371|Art
Brown bear - Vector graphics|€9.00|Vector graphic, format: svg. Download for personal, private and non-commercial use.|2000028|Art
Hummingbird - Vector graphics|€9.00|Vector graphic, format: svg. Download for personal, private and non-commercial use.|1890173|Art
Pack Mug + Framed poster|€35.00|Mug The Adventure Begins + Framed poster Today is a good day 40x60cm|0|Art
